CREATE TABLE rodzaj(
nazwa VARCHAR2 (32) NOT NULL PRIMARY KEY,
pochodzenie VARCHAR2 (32),
rok_powstania NUMBER (4,0));

CREATE TABLE zespol (
nazwa VARCHAR2 (32) NOT NULL PRIMARY KEY, rodzaj VARCHAR2 (32)NOT NULL,
 kraj VARCHAR2 (10), rok_powstania NUMBER (4,0) );
 alter table "PWR_15_16_L_014208656"."ZESPOL" add constraint A foreign key("RODZAJ") references "RODZAJ"("NAZWA");


CREATE TABLE obecny_sklad (ID_WYKONAWCA NUMBER (10,0) NOT NULL PRIMARY KEY,
imie VARCHAR2 (32) NOT NULL , nazwisko VARCHAR2 (32)NOT NULL, zespol VARCHAR2 (32)NOT NULL, 
rodzaj VARCHAR2 (10)NOT NULL,
rok_wstapienia NUMBER (4,0));
alter table "PWR_15_16_L_014208656"."OBECNY_SKLAD" add constraint B foreign key("ZESPOL") references "ZESPOL"("NAZWA");



CREATE TABLE albumy (nazwa VARCHAR2 (32) NOT NULL PRIMARY KEY,
wykonawca VARCHAR2 (32) NOT NULL, rodzaj VARCHAR (10)NOT NULL,
rok_powstania NUMBER (4,0)NOT NULL);
alter table "PWR_15_16_L_014208656"."ALBUMY" add constraint D foreign key("WYKONAWCA") references "ZESPOL"("NAZWA");
alter table "PWR_15_16_L_014208656"."ALBUMY" add constraint E foreign key("RODZAJ") references "RODZAJ"("NAZWA");

CREATE TABLE utwory (ID_UTWORU NUMBER (3,0)  PRIMARY KEY,
nazwa VARCHAR2 (48) NOT NULL, ALBUM VARCHAR2 (32)NOT NULL, wykonawca VARCHAR2 (32)NOT NULL);
alter table "PWR_15_16_L_014208656"."UTWORY" add constraint F foreign key("ALBUM") references "ALBUMY"("NAZWA");
alter table "PWR_15_16_L_014208656"."UTWORY" add constraint H foreign key("WYKONAWCA") references "ZESPOL"("NAZWA");




INSERT INTO RODZAJ VALUES ('FOLK','MUZYKA_LUDOWA', 1846);
INSERT INTO RODZAJ VALUES ('ROCK','ROCK_AND_ROLL', 1940);
INSERT INTO RODZAJ VALUES ('METAL','ROCK', 1960);

INSERT INTO ZESPOL VALUES ('FAUN', 'FOLK','NIEMCY', 2002);
INSERT INTO ZESPOL VALUES('THREE_DAYS_GRACE', 'ROCK','KANADA',1997);
INSERT INTO ZESPOL VALUES('WINTERSUN', 'METAL','FINLANDIA', 2003);

INSERT INTO OBECNY_SKLAD VALUES(1, 'OLIVER', 'PADE', 'FAUN', 'FOLK', 2002 );
INSERT INTO obecny_sklad VALUES (2, 'FIONA', 'RUGGEBERG', 'FAUN', 'FOLK', 2002);
INSERT INTO obecny_sklad VALUES (3, 'RUDIGER', 'MAUL', 'FAUN', 'FOLK', 2002);
INSERT INTO obecny_sklad VALUES (4, 'NIEL', 'MITRA', 'FAUN', 'FOLK', 2002); 
INSERT INTO obecny_sklad VALUES (5, 'SONJA', 'DRAKULICH', 'FAUN', 'FOLK', 2012);
INSERT INTO obecny_sklad VALUES (6, 'STEPHAN', 'MODLEHER', 'FAUN', 'FOLK', 2012);
INSERT INTO obecny_sklad VALUES (7, 'KATJA', 'MOSLEHNER', 'FAUN', 'FOLK', 2013);


INSERT INTO obecny_sklad VALUES (8, 'MATT', 'WALST', 'THREE_DAYS_GRACE', 'ROCK', 2013);
INSERT INTO obecny_sklad VALUES (9, 'BRAD', 'WALST', 'THREE_DAYS_GRACE', 'ROCK', 1997);
INSERT INTO obecny_sklad VALUES (10, 'NEIL', 'SANDERSON', 'THREE_DAYS_GRACE', 'ROCK', 1997);
INSERT INTO obecny_sklad VALUES (11, 'BARRY', 'STOCK', 'THREE_DAYS_GRACE', 'ROCK', 2003);

INSERT INTO obecny_sklad VALUES (12, 'JARI', 'MAENPAA', 'WINTERSUN', 'METAL', 2003);
INSERT INTO obecny_sklad VALUES (13, 'KAI', 'HAHTO', 'WINTERSUN', 'METAL', 2004);
INSERT INTO obecny_sklad VALUES (14, 'TEEMU', 'MANTYSAARI', 'WINTERSUN', 'METAL', 2004);
INSERT INTO obecny_sklad VALUES (15, 'JUKKA', 'KOSKINEN', 'WINTERSUN', 'METAL', 2004);




INSERT INTO ALBUMY VALUES ( 'ZAUBERSPRUCHE', 'FAUN', 'FOLK', 2002);
INSERT INTO ALBUMY VALUES ( 'LICHT', 'FAUN', 'FOLK', 2003);
INSERT INTO ALBUMY VALUES ( 'RENAISSANCE', 'FAUN', 'FOLK', 2005);
INSERT INTO ALBUMY VALUES ( 'TOTEM', 'FAUN', 'FOLK', 2007);
INSERT INTO ALBUMY VALUES ( 'BUCH_DER_BALLADEN', 'FAUN', 'FOLK', 2009);
INSERT INTO ALBUMY VALUES ( 'EDEN', 'FAUN', 'FOLK', 2011);
INSERT INTO ALBUMY VALUES ( 'VON_DEN_ELBEN', 'FAUN', 'FOLK', 2013);
INSERT INTO ALBUMY VALUES ( 'LUNA', 'FAUN', 'FOLK', 2014);

INSERT INTO ALBUMY VALUES ( 'THREE_DAYS_GRACE', 'THREE_DAYS_GRACE', 'ROCK', 2003);
INSERT INTO ALBUMY VALUES ( 'ONE-X', 'THREE_DAYS_GRACE', 'ROCK', 2006);
INSERT INTO ALBUMY VALUES ( 'LIFE_STARTS_NOW', 'THREE_DAYS_GRACE', 'ROCK', 2009);
INSERT INTO ALBUMY VALUES ( 'TRANSIT_TO_VENUS', 'THREE_DAYS_GRACE', 'ROCK', 2012);
INSERT INTO ALBUMY VALUES ( 'HUMAN', 'THREE_DAYS_GRACE', 'ROCK', 2015);


INSERT INTO ALBUMY VALUES ( 'WINTERSUN', 'WINTERSUN', 'METAL', 2004);
INSERT INTO ALBUMY VALUES ( 'TIME_I', 'WINTERSUN', 'METAL', 2012);


INSERT INTO UTWORY VALUES (1, 'BEAN_SIDHES', 'ZAUBERSPRUCHE', 'FAUN');
INSERT INTO UTWORY VALUES (2, 'RANI', 'ZAUBERSPRUCHE', 'FAUN');
INSERT INTO UTWORY VALUES (3, 'NACHEIN_MAN', 'ZAUBERSPRUCHE', 'FAUN');
INSERT INTO UTWORY VALUES (4, 'DAS_SCHLOSS_AM_MEER', 'ZAUBERSPRUCHE', 'FAUN');
INSERT INTO UTWORY VALUES (5, 'PAR_VENERIS', 'ZAUBERSPRUCHE', 'FAUN');
INSERT INTO UTWORY VALUES (6, 'TEMPUS_TRANSIT', 'ZAUBERSPRUCHE', 'FAUN');
INSERT INTO UTWORY VALUES (7, 'DES_WASSERMANNS_WEIB', 'ZAUBERSPRUCHE', 'FAUN');
INSERT INTO UTWORY VALUES (8, 'KERIDWEN_AND_GWION', 'ZAUBERSPRUCHE', 'FAUN');
INSERT INTO UTWORY VALUES (9, 'KONIG_VON_THULE', 'ZAUBERSPRUCHE', 'FAUN');
INSERT INTO UTWORY VALUES (10, 'MEHRNOUSH', 'ZAUBERSPRUCHE', 'FAUN');
INSERT INTO UTWORY VALUES (11, 'VOM_TRUGE', 'ZAUBERSPRUCHE', 'FAUN');
INSERT INTO UTWORY VALUES (12, 'TROUM_UNDE_SPIGELGLAS', 'ZAUBERSPRUCHE', 'FAUN');

INSERT INTO UTWORY VALUES (13, 'PROLOG', 'LICHT', 'FAUN');
INSERT INTO UTWORY VALUES (14, 'ANDRO', 'LICHT', 'FAUN');
INSERT INTO UTWORY VALUES (15, 'UNDA', 'LICHT', 'FAUN');
INSERT INTO UTWORY VALUES (16, 'VON_DEN_ELBEN', 'LICHT', 'FAUN');
INSERT INTO UTWORY VALUES (17, 'NE_ALUDJ_EL', 'LICHT', 'FAUN');
INSERT INTO UTWORY VALUES (18, 'DEVA', 'LICHT', 'FAUN');
INSERT INTO UTWORY VALUES (19, 'PUNAGRA', 'LICHT', 'FAUN');
INSERT INTO UTWORY VALUES (20, 'WIND_AND_GEIGE', 'LICHT', 'FAUN');
INSERT INTO UTWORY VALUES (21, 'ISIS', 'LICHT', 'FAUN');
INSERT INTO UTWORY VALUES (22, 'CERNUNNOUS', 'LICHT', 'FAUN');
INSERT INTO UTWORY VALUES (23, 'EGIL_SAGA', 'LICHT', 'FAUN');
INSERT INTO UTWORY VALUES (24, 'FORT', 'LICHT', 'FAUN');

INSERT INTO UTWORY VALUES (25, 'SATYROS', 'RENAISSANCE', 'FAUN');
INSERT INTO UTWORY VALUES (26, 'DA_QUE_DEUS', 'RENAISSANCE', 'FAUN');
INSERT INTO UTWORY VALUES (27, 'TAGELIED', 'RENAISSANCE', 'FAUN');
INSERT INTO UTWORY VALUES (28, 'RHIANNON', 'RENAISSANCE', 'FAUN');
INSERT INTO UTWORY VALUES (29, 'SIRENA', 'RENAISSANCE', 'FAUN');
INSERT INTO UTWORY VALUES (30, 'KONIGIN', 'RENAISSANCE', 'FAUN');
INSERT INTO UTWORY VALUES (31, 'IYANSA', 'RENAISSANCE', 'FAUN');
INSERT INTO UTWORY VALUES (32, 'LOIBERE_RISEN', 'RENAISSANCE', 'FAUN');
INSERT INTO UTWORY VALUES (33, 'ROSMARIN', 'RENAISSANCE', 'FAUN');
INSERT INTO UTWORY VALUES (34, 'DAS_TOR', 'RENAISSANCE', 'FAUN');

INSERT INTO UTWORY VALUES (35, 'RAD', 'TOTEM', 'FAUN');
INSERT INTO UTWORY VALUES (36, '2_FALKEN', 'TOTEM', 'FAUN');
INSERT INTO UTWORY VALUES (37, 'SIEBEN', 'TOTEM', 'FAUN');
INSERT INTO UTWORY VALUES (38, 'NOVEMBER', 'TOTEM', 'FAUN');
INSERT INTO UTWORY VALUES (39, 'TINTA', 'TOTEM', 'FAUN');
INSERT INTO UTWORY VALUES (40, 'UNICORNE', 'TOTEM', 'FAUN');
INSERT INTO UTWORY VALUES (41, 'KARUNA', 'TOTEM', 'FAUN');
INSERT INTO UTWORY VALUES (42, 'GAIA', 'TOTEM', 'FAUN');
INSERT INTO UTWORY VALUES (43, 'ZEIT_NACH_DEM_STURM', 'TOTEM', 'FAUN');
INSERT INTO UTWORY VALUES (44, 'DER_STILLE_GRUND', 'TOTEM', 'FAUN');


INSERT INTO UTWORY VALUES (45, 'PROLOG', 'BUCH_DER_BALLADEN', 'FAUN');
INSERT INTO UTWORY VALUES (46, 'SIGURDLIED', 'BUCH_DER_BALLADEN', 'FAUN');
INSERT INTO UTWORY VALUES (47, 'HERR_HEINERICH', 'BUCH_DER_BALLADEN', 'FAUN');
INSERT INTO UTWORY VALUES (48, 'SENPOLSKA', 'BUCH_DER_BALLADEN', 'FAUN');
INSERT INTO UTWORY VALUES (49, 'TANZ_UBER_DIE_BRUCKE', 'BUCH_DER_BALLADEN', 'FAUN');
INSERT INTO UTWORY VALUES (50, 'BRYNHILDUR_TATTUR', 'BUCH_DER_BALLADEN', 'FAUN');
INSERT INTO UTWORY VALUES (51, 'NAHTEGAL', 'BUCH_DER_BALLADEN', 'FAUN');
INSERT INTO UTWORY VALUES (52, 'JAHRTAUSENDALT', 'BUCH_DER_BALLADEN', 'FAUN');
INSERT INTO UTWORY VALUES (53, 'DER_WILDE_WASSERMANN', 'BUCH_DER_BALLADEN', 'FAUN');
INSERT INTO UTWORY VALUES (54, 'BELLE_DAME_SANS_MERCI', 'BUCH_DER_BALLADEN', 'FAUN');



INSERT INTO UTWORY VALUES (55, 'LUPERCALIA', 'EDEN', 'FAUN');
INSERT INTO UTWORY VALUES(56, 'ZEITGEIST', 'EDEN', 'FAUN');
INSERT INTO UTWORY VALUES(57, 'IDUNA', 'EDEN', 'FAUN');
INSERT INTO UTWORY VALUES(58, 'THE_BUTTERFLY', 'EDEN', 'FAUN');
INSERT INTO UTWORY VALUES(59, 'ADAM_LAY_YBOUNDEN', 'EDEN', 'FAUN');
INSERT INTO UTWORY VALUES(60, 'HYMN_TO_PAN', 'EDEN', 'FAUN');
INSERT INTO UTWORY VALUES(61, 'PEARL', 'EDEN', 'FAUN');
INSERT INTO UTWORY VALUES(62, 'OYNENG_YAR', 'EDEN', 'FAUN' );
INSERT INTO UTWORY VALUES(63, 'POLSKA_FRAN_LARSSON', 'EDEN', 'FAUN');
INSERT INTO UTWORY VALUES(64, 'ALBA', 'EDEN', 'FAUN');
INSERT INTO UTWORY VALUES(65, 'YNIS_AVALACH', 'EDEN', 'FAUN');
INSERT INTO UTWORY VALUES(66, 'ARCADIA', 'EDEN', 'FAUN');
INSERT INTO UTWORY VALUES(67, 'THE_MARKET_SONG', 'EDEN', 'FAUN');
INSERT INTO UTWORY VALUES(68, 'GOLDEN_APPLES', 'EDEN', 'FAUN');

INSERT INTO UTWORY VALUES (69, 'MIT_DEM_WIND', 'VON_DEN_ELBEN', 'FAUN');
INSERT INTO UTWORY VALUES (70, 'WALPURGISNACHT', 'LUNA', 'FAUN');




INSERT INTO UTWORY VALUES(71, 'BURN', 'THREE_DAYS_GRACE', 'THREE_DAYS_GRACE');
INSERT INTO UTWORY VALUES(72, 'JUST_LIKE_YOU', 'THREE_DAYS_GRACE', 'THREE_DAYS_GRACE');
INSERT INTO UTWORY VALUES(73, 'I_HATE_EVERYTHING_ABOUT_YOU', 'THREE_DAYS_GRACE', 'THREE_DAYS_GRACE');
INSERT INTO UTWORY VALUES(74, 'HOME', 'THREE_DAYS_GRACE', 'THREE_DAYS_GRACE');
INSERT INTO UTWORY VALUES(75, 'SCARED', 'THREE_DAYS_GRACE', 'THREE_DAYS_GRACE');
INSERT INTO UTWORY VALUES(76, 'LET_YOU_DOWN', 'THREE_DAYS_GRACE', 'THREE_DAYS_GRACE');
INSERT INTO UTWORY VALUES(77, 'NOW_OR_NEVER', 'THREE_DAYS_GRACE', 'THREE_DAYS_GRACE');
INSERT INTO UTWORY VALUES(78, 'BORN_LIKE_THIS', 'THREE_DAYS_GRACE', 'THREE_DAYS_GRACE');
INSERT INTO UTWORY VALUES(79, 'DROWN', 'THREE_DAYS_GRACE', 'THREE_DAYS_GRACE');
INSERT INTO UTWORY VALUES(80, 'WAKE_UP', 'THREE_DAYS_GRACE', 'THREE_DAYS_GRACE');
INSERT INTO UTWORY VALUES(81, 'TAKE_ME_UNDER', 'THREE_DAYS_GRACE', 'THREE_DAYS_GRACE');
INSERT INTO UTWORY VALUES(82, 'OVERRATED', 'THREE_DAYS_GRACE', 'THREE_DAYS_GRACE');

INSERT INTO UTWORY VALUES(83, 'IT_IS_ALL_OVER', 'ONE-X', 'THREE_DAYS_GRACE');
INSERT INTO UTWORY VALUES(84, 'PAIN', 'ONE-X', 'THREE_DAYS_GRACE');
INSERT INTO UTWORY VALUES(85, 'ANIMAL_I_HAVE_BECOME', 'ONE-X', 'THREE_DAYS_GRACE');
INSERT INTO UTWORY VALUES(86, 'NEVER_TOO_LATE', 'ONE-X', 'THREE_DAYS_GRACE');
INSERT INTO UTWORY VALUES(87, 'ON_MY_OWN', 'ONE-X', 'THREE_DAYS_GRACE');
INSERT INTO UTWORY VALUES(88, 'RIOT', 'ONE-X', 'THREE_DAYS_GRACE');
INSERT INTO UTWORY VALUES(89, 'GET_OUT_ALIVE', 'ONE-X', 'THREE_DAYS_GRACE');
INSERT INTO UTWORY VALUES(90, 'LET_IT_DIE', 'ONE-X', 'THREE_DAYS_GRACE');
INSERT INTO UTWORY VALUES(91, 'OVER_AND_OVER', 'ONE-X', 'THREE_DAYS_GRACE');
INSERT INTO UTWORY VALUES(92, 'TIME_OF_DYING', 'ONE-X', 'THREE_DAYS_GRACE');
INSERT INTO UTWORY VALUES(93, 'GONE_FOREVER', 'ONE-X', 'THREE_DAYS_GRACE');
INSERT INTO UTWORY VALUES(94, 'ONE-X', 'ONE-X', 'THREE_DAYS_GRACE');

INSERT INTO UTWORY VALUES(95, 'BITTER_TASTE', 'LIFE_STARTS_NOW', 'THREE_DAYS_GRACE');
INSERT INTO UTWORY VALUES(96, 'BREAK', 'LIFE_STARTS_NOW', 'THREE_DAYS_GRACE');
INSERT INTO UTWORY VALUES(97, 'WORLD_SO_COLD', 'LIFE_STARTS_NOW', 'THREE_DAYS_GRACE');
INSERT INTO UTWORY VALUES(98, 'LOST_IN_YOU', 'LIFE_STARTS_NOW', 'THREE_DAYS_GRACE');
INSERT INTO UTWORY VALUES(99, 'THE_GOOD_LIFE', 'LIFE_STARTS_NOW', 'THREE_DAYS_GRACE');
INSERT INTO UTWORY VALUES(100, 'NO_MORE', 'LIFE_STARTS_NOW', 'THREE_DAYS_GRACE');
INSERT INTO UTWORY VALUES(101, 'LAST_TO_KNOW', 'LIFE_STARTS_NOW', 'THREE_DAYS_GRACE');
INSERT INTO UTWORY VALUES(102, 'SOMEONE_WHO_CARES', 'LIFE_STARTS_NOW', 'THREE_DAYS_GRACE');
INSERT INTO UTWORY VALUES(103, 'BULLY', 'LIFE_STARTS_NOW', 'THREE_DAYS_GRACE');
INSERT INTO UTWORY VALUES(104, 'WITHOUT_YOU', 'LIFE_STARTS_NOW', 'THREE_DAYS_GRACE');
INSERT INTO UTWORY VALUES(105, 'GOING_DOWN', 'LIFE_STARTS_NOW', 'THREE_DAYS_GRACE');
INSERT INTO UTWORY VALUES(106, 'LIFE_STARTS_NOW', 'LIFE_STARTS_NOW', 'THREE_DAYS_GRACE');

INSERT INTO UTWORY VALUES(107, 'SIGN_OF_THE_TIMES', 'TRANSIT_TO_VENUS', 'THREE_DAYS_GRACE');
INSERT INTO UTWORY VALUES(108, 'CHALK_OUTLINE', 'TRANSIT_TO_VENUS', 'THREE_DAYS_GRACE');
INSERT INTO UTWORY VALUES(109, 'THE_HIGH_ROAD', 'TRANSIT_TO_VENUS', 'THREE_DAYS_GRACE');
INSERT INTO UTWORY VALUES(110, 'OPERATE', 'TRANSIT_TO_VENUS', 'THREE_DAYS_GRACE');
INSERT INTO UTWORY VALUES(111, 'ANONYMOUS', 'TRANSIT_TO_VENUS', 'THREE_DAYS_GRACE');
INSERT INTO UTWORY VALUES(112, 'MISERY_LOVES_MY_COMPANY', 'TRANSIT_TO_VENUS', 'THREE_DAYS_GRACE');
INSERT INTO UTWORY VALUES(113, 'GIVE_INTO_ME', 'TRANSIT_TO_VENUS', 'THREE_DAYS_GRACE' );
INSERT INTO UTWORY VALUES(114, 'HAPPINESS', 'TRANSIT_TO_VENUS', 'THREE_DAYS_GRACE');
INSERT INTO UTWORY VALUES(115, 'GIVE_ME_A_REASON', 'TRANSIT_TO_VENUS', 'THREE_DAYS_GRACE');
INSERT INTO UTWORY VALUES(116, 'TIME_THET_REMAINS', 'TRANSIT_TO_VENUS', 'THREE_DAYS_GRACE');
INSERT INTO UTWORY VALUES(117, 'EXPECTATIONS', 'TRANSIT_TO_VENUS', 'THREE_DAYS_GRACE');
INSERT INTO UTWORY VALUES(118, 'UNBREAKABLE_HEART', 'TRANSIT_TO_VENUS', 'THREE_DAYS_GRACE');

INSERT INTO UTWORY VALUES(119, 'HUMAN_RACE', 'HUMAN', 'THREE_DAYS_GRACE');
INSERT INTO UTWORY VALUES(120, 'PAINKILLER', 'TRANSIT_TO_VENUS', 'THREE_DAYS_GRACE');
INSERT INTO UTWORY VALUES(121, 'FALLEN_ANGEL', 'TRANSIT_TO_VENUS', 'THREE_DAYS_GRACE');
INSERT INTO UTWORY VALUES(122, 'LANDMINE', 'TRANSIT_TO_VENUS', 'THREE_DAYS_GRACE');
INSERT INTO UTWORY VALUES(123, 'TELL_ME_WHY', 'TRANSIT_TO_VENUS', 'THREE_DAYS_GRACE');
INSERT INTO UTWORY VALUES(124, 'I_AM_MACHINE', 'TRANSIT_TO_VENUS', 'THREE_DAYS_GRACE');
INSERT INTO UTWORY VALUES(125, 'SO_WHAT', 'TRANSIT_TO_VENUS', 'THREE_DAYS_GRACE');
INSERT INTO UTWORY VALUES(126, 'CAR_CRASH', 'TRANSIT_TO_VENUS', 'THREE_DAYS_GRACE');
INSERT INTO UTWORY VALUES(127, 'NOTHING_IS_FAIR_IN_LOVE_AND_WAR', 'TRANSIT_TO_VENUS', 'THREE_DAYS_GRACE');
INSERT INTO UTWORY VALUES(128, 'ONE_TOO_MANY', 'TRANSIT_TO_VENUS', 'THREE_DAYS_GRACE');
INSERT INTO UTWORY VALUES(129, 'THE_END_IS_NOT_THE_ANSWER', 'TRANSIT_TO_VENUS', 'THREE_DAYS_GRACE');
INSERT INTO UTWORY VALUES(130, 'THE_REAL_YOU', 'TRANSIT_TO_VENUS', 'THREE_DAYS_GRACE');



INSERT INTO UTWORY VALUES (131, 'BEYOND_THE_DARK_SUN', 'WINTERSUN', 'WINTERSUN');
INSERT INTO UTWORY VALUES(132, 'WINTER_MADNESS', 'WINTERSUN', 'WINTERSUN');
INSERT INTO UTWORY VALUES(133, 'SLEEPING_STARS', 'WINTERSUN', 'WINTERSUN');
INSERT INTO UTWORY VALUES(134, 'BATTLE_AGAINST_TIME', 'WINTERSUN', 'WINTERSUN');
INSERT INTO UTWORY VALUES(135, 'DEATH_AND_THE_HEALING', 'WINTERSUN', 'WINTERSUN');
INSERT INTO UTWORY VALUES(136, 'STARCHILD', 'WINTERSUN', 'WINTERSUN');
INSERT INTO UTWORY VALUES(137, 'BEAUTIFUL_DEATH', 'WINTERSUN', 'WINTERSUN');
INSERT INTO UTWORY VALUES(138, 'SADNESS_AND_HATE', 'WINTERSUN', 'WINTERSUN');
INSERT INTO UTWORY VALUES (139, 'WHEN_TIME_FADE_AWAY', 'TIME_I', 'WINTERSUN');
INSERT INTO UTWORY VALUES (140, 'SONS_OF_WINTER_AND_STARS', 'TIME_I', 'WINTERSUN');

INSERT INTO UTWORY VALUES(141, 'LAND_OF_SNOW_AND_SORROW', 'TIME_I', 'WINTERSUN');
INSERT INTO UTWORY VALUES(142, 'DARKNESS_AND_FORST', 'TIME_I', 'WINTERSUN');
INSERT INTO UTWORY VALUES(143, 'TIME', 'TIME_I', 'WINTERSUN');
INSERT INTO UTWORY VALUES(144, 'SONS_OF_WINTES_AND_STARS(A)', 'TIME_I', 'WINTERSUN');


/*WIDOKI*/
CREATE VIEW T AS
SELECT
NAZWA,
RODZAJ
FROM ZESPOL
WHERE (ROK_POWSTANIA LIKE 1997);

CREATE VIEW F AS
SELECT
NAZWA,
ALBUM
FROM UTWORY
WHERE (WYKONAWCA LIKE 'FAUN');

CREATE TABLE TABELA_TRIGGER ( AK VARCHAR2(20));

/*TRIGGER*/
create or replace 
trigger TRIGGER1 
BEFORE INSERT OR DELETE OR UPDATE ON RODZAJ 
BEGIN
INSERT INTO TABELA_TRIGGER VALUES ('ZMIENIONO_RODZAJ');
END;



























